domain,postid,subreddit,title
i.redd.it,thing_t3_8hi6mx,r/pics,Rob Lowe with his wife and Rob Lowe with u/TheNervousPoops wife.
v.redd.it,thing_t3_8hhqse,r/funny,That's why women live longer than Men.
self.LifeProTips,thing_t3_8hhkk5,r/LifeProTips,"LPT: When changing a lightbulb, turn your head when you unscrew the old one. They pop sometimes and glass + eyes = a bad time"
en.wikipedia.org,thing_t3_8hh0o0,r/todayilearned,"TIL Dwight D. Eisenhower said ""The cost of one modern heavy bomber is this: a modern brick school in more than 30 cities. It is two electric power plants...It is two fine, fully equipped hospitals...We pay for a single destroyer with new homes that could have housed more than 8,000 people."""
upload.wikimedia.org,thing_t3_8hhh6z,r/space,Volcanic eruption from Space
i.redd.it,thing_t3_8hh9ml,r/fakehistoryporn,Donald Trump and Stormy Daniels lay in bed together (2006)
i.imgur.com,thing_t3_8hhf5i,r/GifRecipes,Fruit Pops
i.redd.it,thing_t3_8hhfap,r/ColorizedHistory,"A group of bootblacks gathers around an old Civil War veteran in Pennsylvania, 1935."
i.redd.it,thing_t3_8hgxcg,r/mildlyinteresting,Dishwasher projects the time left onto the floor
kansascity.com,thing_t3_8hgtbt,r/news,"SWAT told Olathe, KS police not to go in, body cams show. They did anyway and killed a woman"
gfycat.com,thing_t3_8hh6ji,r/Whatcouldgowrong,"With The Performance Of My Audi, I Can Cut Right Through This Traffic. WCGW?"
i.imgur.com,thing_t3_8hhtt9,r/oddlysatisfying,These fruit pops
i.imgur.com,thing_t3_8hgrrw,r/gifs,A twisting moment just entered the field
i.redd.it,thing_t3_8hgw4k,r/funny,This guys business card
cnbc.com,thing_t3_8hiaut,r/todayilearned,"TIL Chadwick Boseman was accepted into a prestigious summer theater program at Oxford University, but couldn't afford to go. He secured funding through a private benefactor, who turned out to be Denzel Washington. Over 20 yrs later Chadwick thanked him in person at the premiere of ""Black Panther."""
i.redd.it,thing_t3_8hhhbp,r/CrappyDesign,Sometimes the answer is in the box too
i.redd.it,thing_t3_8hgq9t,r/pics,My great grandma on her 100th birthday today
self.Showerthoughts,thing_t3_8hg3em,r/Showerthoughts,Much of Amazon.com's Prime Video collection feels as if it were assembled using only films they were able to pick up randomly at yard sales.
i.redd.it,thing_t3_8hh7nv,r/ShittyLifeProTips,LPT: Do this
i.redd.it,thing_t3_8hhbqw,r/aww,A cat that looks just like mine showed up at my backyard. Now I don't know which one to bring inside.
instagram.flhr3-2.fna.fbcdn.net,thing_t3_8hh1sc,r/EarthPorn,"Chiba, Japan | By Takahiro Hosoe [1080 x 1350]"
deadline.com,thing_t3_8hgcgs,r/television,‘Saturday Night Live’ Ratings Rise With Host Donald Glover & Stormy Daniels
v.redd.it,thing_t3_8hghkv,r/FortNiteBR,Thats the reason why we fail building sometimes?
i.redd.it,thing_t3_8hhpz5,r/FortNiteBR,Weapon Description Sheet
i.redd.it,thing_t3_8hgyxa,r/DunderMifflin,Thanks to this subreddit for the inspiration!
domain,postid,subreddit,title
i.redd.it,thing_t3_8hi6mx,r/pics,Rob Lowe with his wife and Rob Lowe with u/TheNervousPoops wife.
v.redd.it,thing_t3_8hhqse,r/funny,That's why women live longer than Men.
self.LifeProTips,thing_t3_8hhkk5,r/LifeProTips,"LPT: When changing a lightbulb, turn your head when you unscrew the old one. They pop sometimes and glass + eyes = a bad time"
en.wikipedia.org,thing_t3_8hh0o0,r/todayilearned,"TIL Dwight D. Eisenhower said ""The cost of one modern heavy bomber is this: a modern brick school in more than 30 cities. It is two electric power plants...It is two fine, fully equipped hospitals...We pay for a single destroyer with new homes that could have housed more than 8,000 people."""
cnbc.com,thing_t3_8hiaut,r/todayilearned,"TIL Chadwick Boseman was accepted into a prestigious summer theater program at Oxford University, but couldn't afford to go. He secured funding through a private benefactor, who turned out to be Denzel Washington. Over 20 yrs later Chadwick thanked him in person at the premiere of ""Black Panther."""
upload.wikimedia.org,thing_t3_8hhh6z,r/space,Volcanic eruption from Space
i.redd.it,thing_t3_8hh9ml,r/fakehistoryporn,Donald Trump and Stormy Daniels lay in bed together (2006)
i.imgur.com,thing_t3_8hhf5i,r/GifRecipes,Fruit Pops
i.redd.it,thing_t3_8hhfap,r/ColorizedHistory,"A group of bootblacks gathers around an old Civil War veteran in Pennsylvania, 1935."
i.imgur.com,thing_t3_8hhtt9,r/oddlysatisfying,These fruit pops
kansascity.com,thing_t3_8hgtbt,r/news,"SWAT told Olathe, KS police not to go in, body cams show. They did anyway and killed a woman"
i.redd.it,thing_t3_8hgxcg,r/mildlyinteresting,Dishwasher projects the time left onto the floor
gfycat.com,thing_t3_8hh6ji,r/Whatcouldgowrong,"With The Performance Of My Audi, I Can Cut Right Through This Traffic. WCGW?"
i.imgur.com,thing_t3_8hgrrw,r/gifs,A twisting moment just entered the field
i.redd.it,thing_t3_8hgw4k,r/funny,This guys business card
i.redd.it,thing_t3_8hhhbp,r/CrappyDesign,Sometimes the answer is in the box too
i.redd.it,thing_t3_8hh7nv,r/ShittyLifeProTips,LPT: Do this
i.redd.it,thing_t3_8hgq9t,r/pics,My great grandma on her 100th birthday today
i.redd.it,thing_t3_8hhbqw,r/aww,A cat that looks just like mine showed up at my backyard. Now I don't know which one to bring inside.
v.redd.it,thing_t3_8hi3r7,r/funny,My blind dog when he gets exited
i.imgur.com,thing_t3_8hi68b,r/gifs,The millennium falcon drone
self.Showerthoughts,thing_t3_8hg3em,r/Showerthoughts,Much of Amazon.com's Prime Video collection feels as if it were assembled using only films they were able to pick up randomly at yard sales.
instagram.flhr3-2.fna.fbcdn.net,thing_t3_8hh1sc,r/EarthPorn,"Chiba, Japan | By Takahiro Hosoe [1080 x 1350]"
i.redd.it,thing_t3_8hgyxa,r/DunderMifflin,Thanks to this subreddit for the inspiration!
i.redd.it,thing_t3_8hhpz5,r/FortNiteBR,Weapon Description Sheet
domain,postid,subreddit,title
i.redd.it,thing_t3_8hi6mx,r/pics,Rob Lowe with his wife and Rob Lowe with u/TheNervousPoops wife.
v.redd.it,thing_t3_8hhqse,r/funny,That's why women live longer than Men.
self.LifeProTips,thing_t3_8hhkk5,r/LifeProTips,"LPT: When changing a lightbulb, turn your head when you unscrew the old one. They pop sometimes and glass + eyes = a bad time"
en.wikipedia.org,thing_t3_8hh0o0,r/todayilearned,"TIL Dwight D. Eisenhower said ""The cost of one modern heavy bomber is this: a modern brick school in more than 30 cities. It is two electric power plants...It is two fine, fully equipped hospitals...We pay for a single destroyer with new homes that could have housed more than 8,000 people."""
cnbc.com,thing_t3_8hiaut,r/todayilearned,"TIL Chadwick Boseman was accepted into a prestigious summer theater program at Oxford University, but couldn't afford to go. He secured funding through a private benefactor, who turned out to be Denzel Washington. Over 20 yrs later Chadwick thanked him in person at the premiere of ""Black Panther."""
upload.wikimedia.org,thing_t3_8hhh6z,r/space,Volcanic eruption from Space
i.redd.it,thing_t3_8hh9ml,r/fakehistoryporn,Donald Trump and Stormy Daniels lay in bed together (2006)
i.imgur.com,thing_t3_8hhtt9,r/oddlysatisfying,These fruit pops
i.imgur.com,thing_t3_8hhf5i,r/GifRecipes,Fruit Pops
i.redd.it,thing_t3_8hhfap,r/ColorizedHistory,"A group of bootblacks gathers around an old Civil War veteran in Pennsylvania, 1935."
kansascity.com,thing_t3_8hgtbt,r/news,"SWAT told Olathe, KS police not to go in, body cams show. They did anyway and killed a woman"
i.redd.it,thing_t3_8hgxcg,r/mildlyinteresting,Dishwasher projects the time left onto the floor
gfycat.com,thing_t3_8hh6ji,r/Whatcouldgowrong,"With The Performance Of My Audi, I Can Cut Right Through This Traffic. WCGW?"
i.imgur.com,thing_t3_8hgrrw,r/gifs,A twisting moment just entered the field
i.redd.it,thing_t3_8hgw4k,r/funny,This guys business card
i.redd.it,thing_t3_8hhhbp,r/CrappyDesign,Sometimes the answer is in the box too
i.redd.it,thing_t3_8hh7nv,r/ShittyLifeProTips,LPT: Do this
i.redd.it,thing_t3_8hhbqw,r/aww,A cat that looks just like mine showed up at my backyard. Now I don't know which one to bring inside.
i.redd.it,thing_t3_8hgq9t,r/pics,My great grandma on her 100th birthday today
v.redd.it,thing_t3_8hi3r7,r/funny,My blind dog when he gets exited
i.imgur.com,thing_t3_8hi68b,r/gifs,The millennium falcon drone
self.Showerthoughts,thing_t3_8hg3em,r/Showerthoughts,Much of Amazon.com's Prime Video collection feels as if it were assembled using only films they were able to pick up randomly at yard sales.
instagram.flhr3-2.fna.fbcdn.net,thing_t3_8hh1sc,r/EarthPorn,"Chiba, Japan | By Takahiro Hosoe [1080 x 1350]"
i.redd.it,thing_t3_8hgyxa,r/DunderMifflin,Thanks to this subreddit for the inspiration!
i.redd.it,thing_t3_8hhpz5,r/FortNiteBR,Weapon Description Sheet
domain,postid,subreddit,title
i.redd.it,thing_t3_8hi6mx,r/pics,Rob Lowe with his wife and Rob Lowe with u/TheNervousPoops wife.
v.redd.it,thing_t3_8hhqse,r/funny,That's why women live longer than Men.
self.LifeProTips,thing_t3_8hhkk5,r/LifeProTips,"LPT: When changing a lightbulb, turn your head when you unscrew the old one. They pop sometimes and glass + eyes = a bad time"
en.wikipedia.org,thing_t3_8hh0o0,r/todayilearned,"TIL Dwight D. Eisenhower said ""The cost of one modern heavy bomber is this: a modern brick school in more than 30 cities. It is two electric power plants...It is two fine, fully equipped hospitals...We pay for a single destroyer with new homes that could have housed more than 8,000 people."""
cnbc.com,thing_t3_8hiaut,r/todayilearned,"TIL Chadwick Boseman was accepted into a prestigious summer theater program at Oxford University, but couldn't afford to go. He secured funding through a private benefactor, who turned out to be Denzel Washington. Over 20 yrs later Chadwick thanked him in person at the premiere of ""Black Panther."""
upload.wikimedia.org,thing_t3_8hhh6z,r/space,Volcanic eruption from Space
i.redd.it,thing_t3_8hh9ml,r/fakehistoryporn,Donald Trump and Stormy Daniels lay in bed together (2006)
i.imgur.com,thing_t3_8hhtt9,r/oddlysatisfying,These fruit pops
i.imgur.com,thing_t3_8hhf5i,r/GifRecipes,Fruit Pops
i.redd.it,thing_t3_8hhfap,r/ColorizedHistory,"A group of bootblacks gathers around an old Civil War veteran in Pennsylvania, 1935."
kansascity.com,thing_t3_8hgtbt,r/news,"SWAT told Olathe, KS police not to go in, body cams show. They did anyway and killed a woman"
i.redd.it,thing_t3_8hgxcg,r/mildlyinteresting,Dishwasher projects the time left onto the floor
gfycat.com,thing_t3_8hh6ji,r/Whatcouldgowrong,"With The Performance Of My Audi, I Can Cut Right Through This Traffic. WCGW?"
i.imgur.com,thing_t3_8hgrrw,r/gifs,A twisting moment just entered the field
i.redd.it,thing_t3_8hgw4k,r/funny,This guys business card
i.redd.it,thing_t3_8hhhbp,r/CrappyDesign,Sometimes the answer is in the box too
i.redd.it,thing_t3_8hh7nv,r/ShittyLifeProTips,LPT: Do this
i.redd.it,thing_t3_8hhbqw,r/aww,A cat that looks just like mine showed up at my backyard. Now I don't know which one to bring inside.
i.redd.it,thing_t3_8hgq9t,r/pics,My great grandma on her 100th birthday today
v.redd.it,thing_t3_8hi3r7,r/funny,My blind dog when he gets exited
i.imgur.com,thing_t3_8hi68b,r/gifs,The millennium falcon drone
self.Showerthoughts,thing_t3_8hg3em,r/Showerthoughts,Much of Amazon.com's Prime Video collection feels as if it were assembled using only films they were able to pick up randomly at yard sales.
instagram.flhr3-2.fna.fbcdn.net,thing_t3_8hh1sc,r/EarthPorn,"Chiba, Japan | By Takahiro Hosoe [1080 x 1350]"
i.redd.it,thing_t3_8hgyxa,r/DunderMifflin,Thanks to this subreddit for the inspiration!
i.redd.it,thing_t3_8hhpz5,r/FortNiteBR,Weapon Description Sheet
domain,postid,subreddit,title
i.imgur.com,thing_t3_8i77er,r/sports,Oakland A’s player holds back tears as he is given standing ovation when stepping up to bat for the first time since his mother passed away at age 55 from Lou Gehrig’s disease
i.redd.it,thing_t3_8i7ztk,r/BlackPeopleTwitter,Make her do 52 years to compensate for both men
i.redd.it,thing_t3_8i7k9z,r/pics,The moss on my pond looks like an aerial picture
pbs.twimg.com,thing_t3_8i6zfu,r/baseball,Ichiro: Who the F is Tom Brady?!
i.redd.it,thing_t3_8i6u8o,r/OldSchoolCool,Jenna Fischer running the register at Long John Silvers when she was 15.
i.imgur.com,thing_t3_8i7b3u,r/interestingasfuck,Yoda Bookend
v.redd.it,thing_t3_8i70cw,r/AnimalsBeingBros,It is dinner time my fishies
i.redd.it,thing_t3_8i7mkd,r/mildlyinteresting,This mini van I found in Philly is called Vanny Devito
i.redd.it,thing_t3_8i5zmx,r/MovieDetails,"In Karate Kid, when Daniel reads the letter Miyagi's holding while crying, he mentions that his wife died in childbirth at ""Manzanar Relocation Center"". This means that Miyagi's pregnant wife was thrown in an internment camp while he was fighting for the US Army in WWII."
i.imgur.com,thing_t3_8i6w6m,r/ProgrammerHumor,I feel like one of these books is misleading me
self.LifeProTips,thing_t3_8i60gj,r/LifeProTips,LPT: When you get a new job save the description and requirements from the application and use it to later add the job to your resume.
i.imgur.com,thing_t3_8i6noi,r/educationalgifs,How to place a band aid correctly on finger tip or joint.
i.redd.it,thing_t3_8i6jwk,r/gaming,"So, We're Posting Club Penguin Memes Now?"
i.redd.it,thing_t3_8i6say,r/pics,Taking touristic photos that matter
fox19.com,thing_t3_8i66zc,r/UpliftingNews,"Beloved school janitor donates $175,000 estate to Kentucky child abuse victims"
i.imgur.com,thing_t3_8i6dqv,r/assholedesign,Save the extra plastic and just make a smaller bottle please -_-
i.redd.it,thing_t3_8i5tyz,r/donaldglover,Donald's message to SNL.
i.redd.it,thing_t3_8i7lvf,r/pics,That time Obama thanked Reddit for protecting Net Neutrality
v.redd.it,thing_t3_8i71x5,r/FortNiteBR,All good things come to an end.
bbc.co.uk,thing_t3_8i5mnq,r/worldnews,North Korea frees US detainees
youtu.be,thing_t3_8i64v2,r/videos,Eddie goes in hard
i.redd.it,thing_t3_8i63cd,r/thalassophobia,Photo from my brother who’s in the middle of the Gulf working on an oil rig
imgur.com,thing_t3_8i5x6f,r/gifs,'Have you finished with that?'
i.imgur.com,thing_t3_8i5ybg,r/Eyebleach,In-flight entertainment
theverge.com,thing_t3_8i5iqn,r/technology,Apple is reportedly removing apps that share your location data with third parties
